vehicles,queue_length,avg_speed,avg_wait,green_seconds
41,9,7.948234964231735,4.345778126413111,24.21
68,6,7.656889169125855,5.219903229723613,33.97
64,13,4.374956584419849,39.028111529614726,36.47
8,15,4.907130133438651,38.20672702282626,15.45
15,14,10.30625915731737,52.46972140143666,17.79
7,36,9.855414226403868,4.463038205079432,16.35
28,2,9.566648979370926,11.98573347974446,18.04
53,9,9.406858855321424,51.38223206820609,31.33
23,6,9.816001636624662,57.502212203356564,19.62
47,6,9.477444657095578,5.651007747599083,25.69
7,39,6.059587128193265,61.23599758636073,21.04
54,49,7.141471703767915,52.700567715687484,40.2
58,23,6.997669968636823,71.4941533370242,37.67
31,5,9.744237102586709,47.26768534303063,21.86
43,46,8.488341904277933,54.80631171327632,35.3
9,7,9.119328306475492,14.84658932792159,12.07
43,9,13.332702121806376,37.952851902906986,26.02
9,48,9.580757526533748,71.01847543413194,23.56
40,21,10.952953662736594,53.49328893945166,28.64
58,4,12.399677805125414,85.02129855971437,33.71
60,44,10.641522054746744,5.4602484837497745,38.01
39,41,9.77946230717718,61.311345726052146,32.94
57,18,11.166277943983037,79.83362630142825,36.04
44,1,13.406485666460938,31.99176985863114,24.43
14,31,4.589544193313104,69.14096896252687,22.84
16,47,6.476148336969143,35.18547328199044,24.43
63,5,5.663662824719205,36.14798307008737,34.09
35,8,12.192798378357413,77.75860227286637,25.37
35,45,8.152965172116986,32.28940487984623,30.77
48,14,5.5092090579110895,15.859595564133329,29.0
29,42,6.333360836808611,43.6466457307221,28.9
23,16,6.819307223267376,13.110875321218252,19.5
68,23,10.098124352569968,28.67505130006979,38.34
16,44,12.592019492051858,85.52015547143925,25.74
6,29,12.995330100579523,70.19725416354655,17.95
50,25,7.989788323202729,9.318338433929185,31.12
51,3,5.9060953756680785,88.62008406809484,32.23
56,10,5.099283050004665,54.06545344540331,33.61
13,0,9.667836081330844,48.2956819171592,14.1
46,39,4.255008866661457,78.68991396364376,37.24
48,9,10.34409578533901,85.99212215293242,31.34
46,30,5.228422307621949,76.40432338361535,35.12
59,30,8.838346564162695,7.729619540054903,35.29
13,47,7.426358382430018,23.828120254546207,22.43
20,33,4.230957210452481,85.58870155872319,26.57
67,23,5.466025388990907,48.885518329390294,40.01
3,48,9.281094409383066,88.06511184470754,22.35
11,44,12.454475943827271,46.65571714194849,21.54
21,22,11.719379084020312,47.93331577435911,21.15
64,21,10.364419253397113,55.19054005321868,37.97
24,51,6.393876747662793,36.06159326872655,28.33
29,12,9.176387242435055,32.000628901946236,21.69
3,1,11.901141366319248,42.501605624896975,10.0
24,44,10.051390316822758,30.985283182937582,25.97
44,23,4.805381254886264,9.194143268586124,29.01
60,12,7.377374798385304,43.438797192022015,34.48
0,30,13.091991979850683,30.960621177911285,13.5
10,53,10.60585650204894,81.87994237965506,25.4
25,30,12.890110044071205,39.05325681732735,23.52
42,5,12.008235688966911,87.44915600839425,28.05
50,29,8.013868178677015,85.21173058184037,36.47
20,10,13.931123564171669,2.479396563794926,15.24
59,51,10.558581899566523,55.04160034944074,42.02
60,42,13.374675106287562,14.032118315841284,37.63
70,8,4.2139667432191175,71.94213105276313,39.76
13,33,11.494962284984052,12.532565586588149,18.22
24,52,12.739068523872072,2.519435306378699,25.38
27,18,9.011619198362483,68.73118059917796,24.36
41,16,9.443527655229907,75.07754967955225,29.58
7,47,7.537840239532589,41.234488782456026,21.18
66,26,12.271396824547729,79.03519023320379,40.81
16,34,5.518363842629387,45.949231100704054,22.64
56,49,5.831078872721987,0.3539233643077788,38.05
19,11,5.4155897105852455,55.71911152651454,19.79
15,35,4.617552870957713,61.40982282647031,23.55
67,35,8.824870138188635,69.88410904668157,43.06
7,15,5.913061311611315,3.7979005240164607,12.82
12,32,8.521759268770321,2.507918241615461,17.58
8,28,7.256136373618832,87.60242265090183,20.59
65,12,10.927310025482292,40.71112130384187,35.58
68,51,8.780363180320848,84.73510147846505,47.54
66,16,13.227842134201063,80.34794475804294,38.72
25,53,8.475282217348697,37.49733508338016,28.82
50,28,7.159797942083038,60.40399023635303,34.94
54,4,6.126897995879661,27.25020677264214,29.85
15,49,5.544466237686921,64.45078945093765,26.37
46,9,6.531078374596896,12.3529142668771,26.85
59,14,11.466820921935449,8.471290065669404,31.66
62,10,13.898714547442864,74.92002025346528,35.55
20,45,8.31521817997639,46.40445520239231,25.89
43,26,5.957446661339311,28.667301150392458,30.19
46,1,7.379796859178709,41.28036915988645,26.83
2,24,7.314978891419907,56.15343665026776,15.61
65,4,5.128499581298473,82.6693335246494,37.54
29,6,4.840612669703682,24.47284119995636,20.82
23,17,11.557765478607681,73.77995415034053,22.49
33,25,5.493679474040782,82.72543576605942,29.51
63,44,7.270485035289989,25.115607121418304,40.94
23,27,12.952852120430327,24.20310813524927,21.26
2,40,4.885659217955812,23.449669685489134,17.29
28,4,6.644509960917754,10.950980267223837,18.9
1,21,13.94305890448869,37.598430092634516,12.33
34,39,5.292247998953289,47.42235238744545,30.61
30,7,13.692128163684092,23.5705762694342,19.75
23,12,13.322468885182767,56.58039873429004,20.14
67,48,6.058715469387236,40.111818574428355,44.38
22,17,7.470010221278589,1.6346796565123534,18.51
32,2,4.153461174550197,65.97723450890823,23.77
70,12,9.142349114623713,22.11115676252436,36.68
57,6,10.583203212836395,58.50953943204866,32.47
63,34,12.346139333302228,35.37774680054273,38.64
64,19,10.877417356906914,88.41964863733175,39.47
43,12,12.322865432644495,63.60528614816051,28.34
17,25,13.894380669858467,88.36937386464302,22.26
16,0,4.7072281558400615,66.68002783646348,17.23
32,27,5.632465202763758,7.603638543713763,25.0
48,55,9.05942908455009,87.38369841407236,40.85
31,44,6.9305849258033545,41.35076490552487,29.81
20,17,8.458246082337403,23.69187602976502,18.9
42,35,7.2353389445279905,3.1002051153034573,29.84
39,13,7.565839170139871,0.09620234504305047,24.06
48,5,8.74643627397186,45.24876057387596,28.38
25,15,9.047356395143126,0.44554783535489806,18.9
33,52,4.897533978809799,35.95600532600332,32.22
5,25,4.224941469702575,27.382010420190458,15.78
29,5,9.855832841816333,47.627059346379895,21.1
19,42,12.928011709153163,70.56369952200474,25.53
49,48,7.261347541263495,88.62561765668666,40.23
19,18,11.241557733618258,57.889750473407645,20.27
5,52,12.352895432338936,80.274812029066,22.89
54,46,11.010532901601412,45.4986931572682,38.47
67,48,9.043710512554608,75.14438340933238,45.94
2,52,10.864717422728353,71.81704685356226,21.51
29,5,4.311605262895085,11.978387812828933,19.96
46,6,7.766182648824245,40.62475621899554,27.72
6,40,4.1884067525138295,47.82994554385375,20.4
31,31,6.637928948053294,41.125367222672544,27.25
8,47,13.325046502275097,80.80718225365864,22.89
11,42,9.25990151361006,67.1155118667405,22.94
60,16,12.092187797609716,76.15202660784304,36.39
30,46,11.564414009840602,20.766251434270835,27.76
58,31,12.455312504065072,6.90658862226392,34.41
36,49,4.467474879098982,56.95135584360859,34.09
25,4,9.997052725212654,29.85956462364364,18.29
38,39,9.677616978693083,1.12222919924455,28.57
7,31,6.687727657892481,60.480142078971234,19.29
27,43,8.89614310047451,63.79838292664447,29.09
36,29,8.658976082976098,69.04527836043579,30.06
70,12,7.116746617713998,7.726883547476607,36.18
60,1,6.895888794881911,6.881781770220334,30.17
64,28,13.939669614185187,34.81635122660808,37.5
26,4,9.81472367721074,12.756661007357803,17.68
67,16,13.527403366532443,11.934456559292347,34.94
65,17,12.868621596148428,63.300333491466695,37.58
29,31,12.977056956003995,43.7526590784434,25.51
3,10,4.035904716697303,44.25264985369839,13.07
57,25,7.019510412751344,12.66364982319107,34.16
44,24,7.160780453749697,75.62079302831881,32.77
0,20,11.50734041171317,75.51997151854157,14.46
15,12,11.130235657969237,81.14099067890423,18.97
37,16,7.722219993544917,35.360944383699405,25.99
9,23,13.254154892865772,68.00907540890553,17.71
6,17,5.017098579676263,75.12083954794731,17.28
36,40,13.355898883112847,22.439224477063668,28.62
34,27,9.109629878074031,17.086414244670618,25.71
47,50,13.561652647536071,79.5839899972902,38.19
51,35,9.492281481879637,64.76153237560332,36.56
6,46,8.108860153768987,55.34226654276342,21.34
17,41,12.694788462386155,43.701757225453264,23.0
70,8,5.707628031982785,37.33799860574049,37.41
36,19,6.557427789198793,66.48707514901947,28.29
33,25,10.559953260322288,27.07526619349704,25.26
50,7,5.673324677586931,14.549126526455233,28.25
26,32,13.059599102424572,44.736820679417164,24.61
28,28,13.062593902113605,89.68276022622219,27.27
57,27,5.395960639997221,17.31663861846705,35.13
11,11,7.419552337815917,8.198490580438792,13.54
30,23,6.583575681549194,51.265596808439234,25.89
2,47,12.706155003069465,34.45540917850674,17.94
67,13,7.768658136594284,30.43827904529862,36.49
7,31,6.775163469782528,87.09167363057338,20.87
16,43,9.03395747611118,56.666421526134535,24.45
27,5,6.7102088106267255,22.360828478712346,19.39
51,41,8.458583923566094,85.85492177368283,39.21
2,8,4.322434933871021,63.85606064447886,13.41
60,37,8.898243621005019,6.58240940598322,36.99
67,54,8.681514201480233,40.40553772719111,45.12
13,14,5.54378385484727,47.01290464006272,17.56
13,52,11.217352889552988,58.261330769850055,24.82
58,5,9.515009148185076,3.559163288197987,29.54
16,14,9.693822869652518,3.383255735751386,15.34
38,8,10.264727357908631,47.54278285254686,25.04
55,44,11.63844051302468,8.950030627337625,36.14
38,33,13.435404582537037,17.25315887426864,27.66
33,14,11.904871970494158,0.10368213759024858,21.2
68,19,13.963740517250494,25.074328529123942,36.63
40,41,12.394112056774945,21.812184026668813,30.48
67,15,9.470022354055821,2.635277036244271,34.91
52,45,10.496499799743134,4.977784320420502,35.17
24,31,12.848485251848642,58.245152069638884,24.5
10,16,6.278405105125535,38.18901630688067,16.16
47,14,8.929434510625708,62.62405067998648,30.81
53,23,10.825666829672322,17.82716744100907,31.86
37,47,12.451497219866393,6.06892115227634,29.58
63,12,7.117157426912867,73.80040449987347,37.49
29,29,6.2144281316564935,68.44236657053268,27.81
37,6,13.51926884230949,44.61882565102612,23.5
23,14,8.850527377205273,81.93563997653486,22.86
7,38,5.463830539727474,35.4113978512008,19.4
27,1,13.741197049329216,12.77199698526147,16.75
6,45,4.601352541454495,35.39895266643,20.58
40,46,5.132055595333115,7.142507313516692,31.9
21,21,5.906835227125301,58.722142385164936,22.64
67,47,8.676158281556791,28.064442871501203,42.98
48,53,7.738836197926318,29.85277406736585,37.24
21,6,4.028707241881043,25.18257854334017,17.97
44,26,13.555148324755777,11.13374539093376,28.15
26,24,7.566292209083741,73.94162556367314,25.75
55,5,4.492573358510172,42.61176457713861,31.65
47,34,13.195064190503023,17.372356870009202,31.33
46,47,12.96993364949035,2.7253849569677593,32.71
52,15,12.118245275721572,69.00012021086764,32.72
5,24,4.3485438573398145,5.632194893810346,14.26
7,16,5.949414517528325,5.656656703871935,13.13
43,23,6.723146627468683,86.19206447779102,32.9
5,16,11.464378902065436,62.06196090939287,14.76
35,19,4.037716159341637,68.00871352554212,28.45
8,1,12.260183277269174,9.653523361437127,10.0
59,49,7.865147887900386,22.594213874779314,40.16
55,52,8.93473843728805,83.52894779062758,42.7
23,0,12.025683233965653,66.46392119898148,18.56
19,38,6.361425111278876,77.5118134078338,26.33
58,23,11.838330327141927,53.61452853017552,35.73
65,12,7.916854094928926,14.394364522827237,34.54
52,4,10.495459976335146,43.3520913849288,29.27
69,20,5.606923861820681,38.38988422984418,39.51
13,4,6.648913161799429,7.5674337800643805,13.0
12,26,8.984752683969745,63.87940539040043,19.98
57,11,6.341962988147971,37.51565681012823,32.97
30,47,9.385645914598335,69.64863627998731,31.29
15,49,12.408711798036352,26.440393217993687,22.85
34,23,6.540565039073483,23.430154680662657,25.75
56,15,5.857364195983133,21.195360897473968,32.5
36,37,5.882501343364859,5.832368550049236,28.37
32,15,9.07324513243949,20.824284989145834,22.78
12,41,8.639156981628808,3.3320828468346386,19.4
0,30,12.828250230781936,20.80022033788317,12.94
57,23,4.403618654376431,26.430971927645363,35.05
15,3,5.89573180679182,87.56686616326311,18.49
24,4,7.72236963455893,77.95145955680542,21.21
57,38,6.599482221528754,69.9998648451865,40.27
0,6,10.374572932433118,63.873549221421165,11.16
44,13,4.374545109920841,30.601490383768475,28.37
5,13,13.998737592616205,3.4412396993346714,10.19
26,52,4.1137983664000854,29.452430880140806,29.31
47,11,10.210137926950733,7.014128925701222,26.64
4,50,8.956252317729952,43.51563271652458,20.52
52,6,11.958438723928982,59.76237922543574,30.39
19,40,9.339971638556763,58.775251617521334,25.07
50,44,6.711668715610274,88.9414865188085,39.93
39,26,13.531888369572213,28.11256980210826,27.27
45,26,8.164453820751099,77.78217367082563,33.5
46,41,5.9720159017094305,65.52285281157202,36.54
26,0,8.341642327728167,14.091018200948325,17.22
14,52,4.904880196319348,52.00160950016539,25.96
46,29,11.730544892143055,11.697758595161838,29.87
6,35,5.424968066861233,72.58214162201811,20.66
50,5,9.728645073040916,83.45048035216276,31.26
64,10,5.458868261273572,25.49655060889814,34.87
66,10,13.254997899166996,9.791355986417289,33.28
62,48,12.04813614429122,87.01884658950476,44.21
25,19,5.266503545440159,84.87681384321122,25.44
61,20,4.533745483133547,83.35510318929772,39.37
49,5,13.042208471321334,55.83086708142973,28.62
20,40,11.858255718394187,19.98675782900138,22.66
51,39,12.463513791271517,74.62689319674647,37.41
23,36,6.181368771323008,35.97710247687559,24.99
66,10,7.835763734520052,11.075103308648188,34.33
31,46,12.156497396327184,17.333612171552424,27.83
4,42,12.382042596057266,10.595791377762596,16.33
58,35,12.490096302855195,70.02775555520708,38.99
53,19,9.826246607993458,38.31658583156082,32.47
47,28,9.035783979173942,16.088752687750567,30.8
0,39,13.861376098506272,41.87458225468235,15.82
57,48,10.185752584038294,73.70732129548499,41.85
22,51,8.732188463236566,9.636846453255854,25.57
16,22,8.305990067521655,8.254182951192403,17.48
56,32,9.10161248274861,3.6690111730891894,34.26
16,5,13.22125993173422,28.235326483750697,14.39
65,5,4.542649310235595,45.353165719941806,35.6
48,41,13.50867979111096,12.256714197450005,32.74
8,39,11.320843912105973,73.34905035691652,21.2
24,8,13.817280909843365,44.26829692653822,18.89
21,43,11.883815223059006,83.7525130801008,27.47
8,53,7.508973986688602,68.05617900714181,24.37
20,20,12.965372414405026,24.74933327328858,18.75
58,9,6.541613988743567,86.78950170272367,35.87
61,13,9.918877665912186,55.427961614285614,35.32
30,20,7.722669484975416,17.904793369685663,23.08
51,10,10.365717793733161,25.03783554711338,29.02
41,24,5.68742044211359,70.63823836885896,31.59
14,49,9.307212326569228,57.26868076060717,24.88
46,55,8.530385923026511,46.93072618696042,37.76
13,16,13.92954608318964,56.67985943774837,17.03
50,47,11.976706055661008,23.82787074011996,35.67
47,36,5.461954441685332,29.77459660781567,33.86
10,28,6.300473017748896,55.3836282113457,19.59
6,18,12.19824297101101,22.82872503926247,13.05
40,46,4.017909686797841,3.0413837726963697,31.86
19,18,10.160520510794072,38.90095872872938,19.33
65,23,12.955424506051568,11.882096409466154,35.68
29,39,10.531084257780291,2.006057015771956,25.04
0,36,7.549625747184364,9.572638698503283,14.42
45,34,6.242589623722319,52.52318275797328,33.93
17,13,7.6623453068680725,74.56245312646898,20.15
20,8,4.141120250269093,72.13524961414146,20.78
19,28,4.9580466943732375,57.43890868888978,23.37
34,25,12.115705271381128,87.04218596990886,28.96
7,41,12.208806854660152,80.34089015074031,21.48
56,38,13.37157120686639,66.01701367167122,38.43
31,10,13.035034701257912,3.960178386699895,19.67
68,1,8.059887244228861,21.39019254095476,33.87
7,49,5.0491783181093695,55.137562897675224,22.86
25,9,8.131782665812839,46.643228268082936,20.63
64,41,10.415699676815011,73.20427242805458,43.04
22,32,7.093824912888347,27.023954960232544,23.1
6,46,11.829741796696577,64.38587522846886,21.21
0,24,12.444324764359553,67.06687012391816,14.58
59,5,11.417549465263729,40.72385151524286,31.81
28,6,6.614267411254099,57.9617777727066,22.13
15,21,12.912739288036082,83.2660371255862,20.57
33,45,4.5253288348009955,57.22793444872571,32.16
55,43,11.884500169551014,47.09201706551206,38.19
33,18,10.42003185514887,86.86267301794899,27.48
27,5,12.800452016847474,1.370493585461835,17.04
33,15,12.417228962770004,18.24987482296534,22.4
20,47,13.149584049498394,17.27432786833369,23.67
49,21,10.01230921143053,34.150404123076456,31.07
68,30,8.721405196168368,47.75564568330078,41.14
0,54,4.26516768613562,86.01268891406133,23.19
29,36,12.847587057035478,71.02821543125025,28.17
50,39,9.853322973683651,50.86841174938586,36.08
21,9,4.329136105396043,10.070373934515215,17.6
20,22,13.774080748993276,63.06658344407332,21.3
3,2,5.384021914945931,57.91902577168518,12.05
5,44,4.6782769215692035,4.202016412607383,18.11
46,12,12.175616260958446,73.76069998778755,30.11
8,55,11.55772567647761,64.01218142352492,23.8
49,6,6.465773985216275,18.284439892152513,27.75
4,2,13.492514643648061,82.00001711459242,12.41
11,52,11.514264258111751,56.90332998233182,23.92
61,6,5.326537363071875,71.27705639722012,35.7
26,18,7.1913887960103,38.13888470459256,22.47
2,22,6.56702266112696,25.433389874970338,13.5
47,20,11.692375031411586,54.180753196301744,31.01
60,54,6.876487643888284,67.1089406519258,44.39
52,1,8.364495837585803,69.57232973610576,30.63
44,30,11.046594697841785,48.40924897006726,31.64
27,45,12.622393222736552,8.180058611249036,25.48
36,10,8.360574856497276,47.120016129189466,25.0
36,48,11.505184484859235,4.8568059533279335,29.5
44,31,4.956890098116107,62.568715003948434,33.78
23,31,9.92554840052021,86.14859517563302,26.32
65,16,9.780073921670756,14.300582450149038,35.0
27,44,6.315275557213694,14.921192526020784,26.82
10,31,11.87914074891174,62.74425067389695,19.63
13,40,7.266442146570761,8.563362256544455,20.15
50,47,4.861729042390733,79.96039083695145,40.32
3,23,6.061167828972714,23.687587890963822,14.07
69,32,5.711047767050947,88.41689042417761,44.9
29,29,5.268805230523987,53.46795095430918,27.08
4,22,9.815810809035614,46.955896422113526,14.97
57,42,9.537359844296219,29.100052157488072,38.09
59,28,10.890613643335936,23.14916068408846,35.45
29,8,7.3405375079824005,57.84308388576878,22.77
30,32,5.91573793198785,27.1356925213795,26.36
19,46,5.5598572026764845,22.282292955252448,24.76
41,38,9.221787568079836,14.483191901886268,30.39
41,12,6.586881665523961,85.94716389168728,29.95
13,10,13.623857115052628,9.147419166482116,13.04
49,9,13.838327851021226,71.53990184656884,30.22
38,27,6.73820558161966,9.835116396980556,27.22
13,17,6.064439645800599,34.95070928150766,17.35
4,0,7.99021125244555,71.19038663273695,12.35
28,32,13.808812784580716,26.65919454168627,24.15
2,9,6.572135597743747,66.44163479226978,13.36
0,47,6.422842451036265,76.76021895336027,20.85
53,54,6.285646175436358,64.99976321103922,41.71
29,43,5.815049547071666,11.179394504809695,27.24
55,20,6.598080830892692,63.058516076266855,35.5
53,15,11.82378050685912,64.18354290826018,32.86
20,16,12.494414569704222,43.446923501547445,19.16
2,39,12.585374981861163,46.64270394125618,17.09
23,41,7.280535770817058,0.9568897261005427,23.69
62,6,4.3814552911537215,48.90239230997364,34.91
20,45,11.817917015502323,84.65289442228553,27.55
66,22,5.010869953569732,51.71044469707177,39.68
69,13,11.172960972468221,46.097204546999784,37.57
47,33,7.428518206652153,66.78989384559941,35.13
58,13,13.90277973445954,16.542237366172454,31.13
65,48,13.326920220434264,65.61958371551447,43.84
45,40,4.566183049414882,24.692149567345542,33.76
51,3,4.1330833938110585,37.672424855747884,29.5
53,40,10.982527201986617,31.69125007253716,36.06
33,6,6.244272999725892,66.73235607179248,24.62
67,14,13.942302540055465,86.47663641927129,38.94
59,13,5.645333478547571,83.64770278256144,37.02
8,51,11.983935820631567,17.385482357623246,20.13
28,52,13.638642083575089,31.78185448008329,28.49
52,29,13.961387313480847,68.38991373288701,35.15
16,49,12.337444772526743,31.927155185665274,23.57
29,17,11.042003227483368,61.87063487484621,24.14
54,43,5.8588972450471655,0.2425547129608019,36.08
35,22,6.449672270894253,27.163824579334594,26.17
61,31,8.28493273432284,57.35710730916213,39.33
46,9,13.287262059984258,76.90009142950149,29.5
7,5,12.278998774632013,81.52253530340701,14.34
17,33,12.313279997196064,56.98460915998355,22.26
1,42,4.114790589343716,85.65917198717565,21.18
37,16,10.082005880885715,52.06384027634508,26.57
29,11,11.763055745658262,31.17996685683479,20.97
19,13,13.040872708148086,71.25069147428091,19.75
21,39,12.911353549959218,54.753043040228455,24.74
11,42,13.016426793777386,49.36509051119271,21.2
38,12,8.944615862726621,19.17906953224236,24.38
10,47,12.392792376770538,60.41056610227691,22.59
14,35,5.1842257726560765,37.713433363108464,21.65
17,30,8.930767234951485,5.260902520964709,19.17
59,9,11.0042162754664,22.1909951033876,31.57
21,34,9.996016253745383,66.11302100564994,24.95
20,53,7.206840117868811,62.62970023327476,28.66
63,42,6.9681743562643135,41.91856588234163,41.6
54,26,13.999504086420949,60.835180035126726,34.85
23,40,7.603752302834847,58.18693915432435,26.86
2,39,4.458702868416015,66.28871704514603,19.73
42,51,13.817126400319914,45.95630238633919,34.43
62,48,12.975617598331672,3.050729924459482,39.01
53,40,5.269015918568265,8.501878288031369,35.7
46,21,8.745335264393983,47.298385276431574,30.94
26,18,8.35189532801176,38.01497401775029,22.26
70,3,12.26724859246226,26.359454259023558,34.57
63,25,7.337218426447299,88.58580816129457,40.93
64,22,13.749955550099275,58.910323860476666,37.78
15,21,5.923087560914008,64.18629122473118,20.69
16,37,13.727497073622114,7.881860141302635,19.48
5,25,11.226765346101974,79.70412102745937,17.66
69,36,4.496995851284421,27.036575747765944,42.23
0,2,5.899407939758987,82.92881289686844,12.31
7,50,9.008427941040857,48.928484432821044,21.97
48,39,5.470516445250381,60.63303174582359,36.69
10,13,4.394741868004365,57.023218804665945,17.03
22,6,10.636196537412566,78.22852628922453,20.34
53,49,5.0060574050309405,83.74616927664405,42.06
1,23,12.7192207442679,12.482625102911921,11.44
39,35,11.101327721625768,77.62054478513922,32.48
23,26,4.342408218866369,1.8352850434240353,21.27
6,31,9.675073826473506,3.544150175363281,14.95
15,49,12.103318171282968,51.77891964177856,24.43
51,28,4.6721884022750295,61.196648812613304,35.81
19,30,11.6988664576722,49.39247540521538,22.08
10,41,8.721925199946531,80.61950514956399,23.27
1,27,4.047832802633007,61.53849721135914,16.74
15,54,4.881392897534758,78.2594233819937,28.32
16,30,4.177770724553309,64.74159316129294,23.21
31,28,11.33557423533554,16.86692985186193,24.35
6,23,11.740230839494005,64.21968432170037,16.62
18,46,11.593486017308354,26.38289761972489,23.54
63,29,10.695412615861498,80.10062651980333,40.62
6,45,4.319687277928066,5.449586893064233,18.83
10,24,7.110625990666062,65.64977306135549,19.26
21,55,12.349152318114673,54.80533812478268,28.05
40,23,13.487599624318126,65.49898318562758,29.3
60,43,5.66470260507662,86.97197632314614,43.6
14,23,13.538925636178906,14.762313564670125,16.37
53,30,7.857374845303098,70.76180384120343,36.97
34,50,11.547697839648764,30.04969907041599,30.64
35,3,10.218473387803972,58.58523155222768,23.58
42,55,10.058230230637598,87.97031545188317,38.43
19,38,12.326249667152593,52.620141346533345,23.76
31,24,7.873567483188357,33.85799083233167,25.19
29,51,8.512694722660578,61.969878451165926,31.41
41,16,6.680230097658933,14.155239781721464,26.43
5,18,12.332309807886908,73.05771738406362,15.66
18,17,13.75370324039329,71.7533892589283,20.07
70,43,11.770451449882184,44.99783501935595,43.78
68,5,9.399811905151186,43.62862260464557,35.77
48,12,11.876901682479987,64.99715427946333,30.4
29,19,10.068982039210251,60.98957825895124,24.67
59,45,6.065861070603057,22.92611556332521,39.7
1,50,7.849740733185221,48.65057168821311,19.89
68,51,7.551051152658929,5.636811263546183,43.02
50,37,9.210396118233286,23.358737972814282,34.14
66,20,8.765862264198711,53.03957699364622,38.68
24,13,5.923140368773665,16.262394730209138,19.63
37,23,9.77866022023788,32.30014962124985,26.84
66,54,5.490090209715429,4.013501279321553,43.13
63,23,12.663718112268914,33.45015024354175,36.27
59,50,4.817394417237859,28.421051902689896,41.26
3,22,6.80548077221638,54.64229801186404,15.59
12,2,6.0464377843145005,78.36935086509156,16.57
62,37,9.671839506446055,23.543722579587843,38.63
35,27,4.97107760209587,40.21755813846295,28.22
16,16,12.437467071255334,30.495885819859943,16.87
23,24,4.836563708448356,4.589775302506283,20.94
47,55,11.055703361204335,43.81519247031551,37.5
8,55,9.980681824672375,35.765701480164545,22.39
15,45,13.59296607151308,23.147433166831377,21.64
29,41,4.897832509608568,82.87973128464023,31.31
64,25,5.826702836777525,76.47249821108251,40.86
47,15,13.917157569580636,19.954967316174198,27.55
4,16,13.411674019099095,5.334910312651891,10.63
70,1,12.372179040246458,4.233803400481425,32.83
65,45,11.395706597468752,68.54848555243271,43.76
61,3,5.010567705690679,28.59143061895346,32.59
0,12,10.768891718106222,26.891346522276923,10.08
56,48,10.525154345141345,42.365283736233835,39.53
47,16,7.900481099199023,33.74848353354769,29.66
48,10,8.413848313574302,72.67986404063878,31.09
1,29,11.172267132445189,17.559338002625385,13.22
4,10,13.276789265337301,19.849707983440034,10.32
47,47,5.397627873593206,40.252066226421675,36.7
12,24,12.42249311668695,56.55335788997905,18.52
57,21,7.225655617047908,21.049367137092695,33.82
14,40,7.660320799258939,29.878116771195675,21.73
7,11,11.137244228376275,49.80366796283817,13.84
18,28,12.707231443330048,23.975710776773628,19.59
52,15,5.556864606247846,24.399642060616095,31.22
37,21,12.041444284304816,23.460492671956295,25.5
13,20,8.561846547064796,43.41926701571893,18.0
19,32,4.568529265448507,80.55338375929304,25.63
27,35,8.774553539997509,25.760983532123408,25.23
32,48,6.016218302451092,32.78519562546427,30.64
33,15,13.250797721605593,8.780836426564116,21.68
37,26,12.961994660064107,5.1734131195328095,25.24
37,9,13.786311808214295,1.442567406519214,21.47
64,21,9.107844258855538,39.87074129412377,37.27
67,18,5.858206269152403,39.17244429625057,38.36
52,13,6.768472475658346,16.261782068213105,30.12
23,33,11.704457434298117,64.0456461593991,25.08
25,38,4.792667107952452,7.867891267234665,24.71
63,48,6.738884476968493,18.5428720886534,41.44
24,37,7.080443680457088,0.9032714807434061,23.3
66,26,12.410677740101216,82.46232684689359,40.99
66,51,7.476413587869659,25.358198700634453,43.46
63,5,4.154451385849473,81.91943681737973,37.11
61,8,12.720136706939506,23.963359090317773,31.93
23,36,12.316228239663943,33.03908186629692,23.71
20,44,7.711653245606997,53.540554398496326,26.22
0,22,9.1982299187868,40.11906487633398,13.15
66,4,5.207719546311962,64.31309530157853,36.8
41,49,11.11186437816109,34.325021072239124,33.44
7,18,12.728033461249511,85.86467858988888,17.12
63,28,9.133140685084598,47.74594554606969,38.76
68,8,4.206878054405585,87.0683657226917,39.91
28,39,5.823938277950915,9.240786940397028,25.95
32,35,12.171536770116838,2.706619812180132,25.13
12,44,11.387486040225992,23.527736675678643,20.72
59,33,6.383673690456549,39.97911065263905,38.27
44,55,4.939062812708179,16.1074228887659,35.8
34,7,8.648453555523746,52.73118753036855,23.93
35,7,5.220373818393279,36.50854661762279,23.95
17,34,9.918120833295072,77.49812200988075,24.12
18,42,9.728414242122675,67.19206724833776,25.52
21,52,4.18508806359626,57.149232961140775,29.06
53,38,12.397227049081788,47.3053881768782,36.35
50,3,11.769071337823174,30.469370306012124,27.31
30,53,7.350825363064449,39.202369569781126,31.03
41,52,8.005920503111978,50.497264525441715,35.57
41,33,5.46629213972844,61.21475744314471,32.87
45,15,12.704966189126381,59.680655054316546,29.39
1,23,5.0902547486721215,16.87462051386966,13.08
41,27,6.007848658023375,60.22263319696869,31.51
28,8,8.207279679901612,35.73464743712665,20.91
58,40,4.467618615125759,88.21711882646058,42.53
5,2,12.656066703913684,55.88333147704213,11.37
34,40,9.422544390434759,83.19453234389482,32.22
12,16,5.216995978378131,1.2300512867585844,14.89
30,2,6.875228458124685,27.48705693542826,20.21
21,7,4.603392764500466,86.31737057900153,21.73
65,17,4.8447406043423165,53.12233476374174,38.42
18,28,5.239200496050153,11.823236939811268,20.21
37,26,9.7734495616188,24.670080929294684,26.98
11,47,9.463145992693857,75.57725012952628,24.41
28,41,7.866514504044641,49.371671258899454,28.39
46,29,12.918094005288909,27.333113067984364,30.59
61,30,12.18819674182717,2.786610810480261,35.15
42,14,5.888040863905064,49.13240391377695,28.65
50,0,13.241919469285971,14.606504198669409,25.49
30,20,9.566531965544653,44.22666165451341,24.33
36,13,6.955042575069333,69.49157373577894,27.2
20,35,4.667988181555588,78.41456384449856,26.46
56,42,4.620168635025292,34.909847416652006,38.94
56,22,11.35413005671246,9.831982157257409,32.23
28,43,11.386371637430067,13.90694489708289,26.02
43,42,7.524541865313591,60.78095725345856,35.03
35,52,12.389662393761322,8.55465670294311,29.98
60,17,11.84942259122936,63.769682026595476,35.89
16,26,12.708259769034125,0.3891425351620037,17.02
70,37,5.174477748415112,35.774407957843074,43.22
19,26,12.499466090178945,25.137771431718125,19.68
14,24,12.516853187403324,62.33790666767371,19.61
36,46,7.526187188395772,31.765830778789518,31.43
67,35,9.954204975403911,58.338106639530054,42.17
0,50,11.45777657997357,89.07546702742191,21.28
48,28,7.0002273756423286,48.31868400695134,33.48
18,27,9.754328025653887,52.34241456444825,21.62
11,52,13.20161748901613,29.14802266065399,21.95
31,20,6.043095303484841,38.38025443414487,25.0
1,1,4.474420805018296,50.84412567787064,10.83
63,19,13.203118274841081,69.61334353773054,37.54
68,39,13.983275714305025,46.570313232472984,41.92
66,46,10.852278815959117,35.05658210651845,42.43
45,2,9.947205176668346,31.599608963548015,25.61
1,43,4.682689959201831,20.63445731183115,17.38
52,23,9.009088099069423,58.36827025205254,34.24
19,12,13.644710154922702,43.80417560150976,17.79
56,49,10.246041648026788,89.65118782867673,42.61
43,44,9.301388110702305,73.42974661515541,35.87
21,23,7.180777532358297,88.05840728251526,24.57
39,32,5.755858220943192,59.03332755346594,31.73
37,44,7.433551029902297,84.18524041118002,34.57
65,26,10.311012592643472,47.16513899038265,38.87
65,13,9.048873863603262,16.92973544525627,34.69
23,3,10.300981906425326,54.28148798343406,18.74
45,36,13.937488260218378,57.28611435784272,33.23
5,44,8.11417625924451,70.88721022196198,21.49
39,45,10.906978752682534,0.35217667023009325,29.88
38,25,12.421579532213299,52.75803946994018,28.37
3,12,5.751942001123824,69.20696489358303,14.66
34,55,10.468113802042954,47.83397813357586,32.91
18,36,5.985471875302528,54.156767285876874,24.21
18,10,9.184238386116615,45.853927579508365,17.94
3,6,4.761300710628612,85.3052648680252,14.6
62,52,8.675176040307003,38.755916525378865,42.72
7,41,4.124912536484345,69.35228766572372,22.28
41,9,11.154577243198672,31.846032103823855,25.28
21,2,6.666100533954668,8.951014856543152,15.72
8,22,5.916528005140901,56.1602548860691,17.74
2,3,6.2004792012677115,35.63938597172193,10.38
5,28,4.545843960358057,21.44633123606182,15.97
28,2,5.594020942659916,52.82975425514875,21.2
22,20,4.061633430336995,78.02880282276041,24.31
58,19,8.18376427907888,22.67709416451013,33.73
63,4,6.429278543388971,35.08158244745361,33.69
28,26,7.091578811302627,78.77769964977857,27.29
62,1,11.92756444723998,21.90518668198517,30.93
22,10,7.583960486874674,16.789750014892558,18.0
37,25,9.615340274791144,10.339771137768828,25.95
68,55,7.855973805180217,36.287646432335386,45.6
8,7,8.222770245807265,82.16948950001806,15.89
70,15,7.8736359172460055,42.031246762892735,38.7
44,15,8.355764391639518,25.121956317012742,27.72
3,21,12.048710238627596,21.761973899069435,12.48
16,5,5.962962543194566,49.03796028458113,16.95
16,35,8.433086847294332,75.26836783844591,24.08
30,10,7.67917152888467,19.48285464213763,21.19
51,24,10.293437403321509,52.266837274471705,33.46
38,30,9.048297211859039,20.45456943851034,28.04
57,43,5.309448550797043,63.582585452591914,41.12
33,38,12.996173548724261,52.880737774800934,28.97
47,34,6.462506398867862,54.738326116781316,34.78
27,8,12.723904099366258,11.050999991647416,18.23
65,5,9.425928373028157,24.336821483332276,33.46
49,1,10.575214692818186,51.091288052918635,27.98
39,0,7.899348282121467,7.743326667843032,21.86
22,49,12.510025086370462,28.89334437957628,25.64
13,4,9.619906627673672,32.53340283383601,13.96
64,48,6.969586342038538,5.931989361976781,41.02
39,5,6.264248228711501,11.351931866368453,23.37
51,18,7.558983311308782,75.99269309493205,34.18
59,49,10.280350154843628,56.57587153848439,41.76
16,17,5.763934346256708,32.99236492191417,18.42
44,26,4.252636049618092,63.34077271023671,32.95
59,15,13.999395150446468,36.04739071197969,33.06
12,11,6.914764815213658,24.379939452869777,14.98
28,45,10.774185526404668,36.41961607038876,27.89
20,27,5.980876904499507,27.276846722193245,21.56
48,47,4.392338674690151,27.982525502525288,36.53
22,36,12.394653739605468,51.314873209672115,24.41
66,16,13.256928744534576,60.3120343505553,37.51
44,0,5.11872120456953,68.73333051713257,27.92
36,2,12.751123238663942,52.66112226743136,22.94
6,15,10.810690470873364,3.3417721184297076,11.53
40,13,11.771205895727977,31.10969094527695,25.55
11,26,10.946770604247822,35.42719334237174,17.54
28,17,9.27324610128504,31.413291656766337,22.26
54,28,13.302086631976032,62.245847920154986,35.46
57,32,4.543006038411558,62.84296645624345,39.01
54,43,9.118810597551175,83.53168919714226,40.49
16,31,11.619223161734348,3.9322136022665743,18.42
33,11,9.464034837759748,87.24729165641513,26.27
30,34,6.602768484479938,86.72460373747705,30.21
21,22,7.472290218743533,8.328541428796818,19.53
39,8,5.365532255637047,63.62755368485967,27.27
61,15,11.056210953124731,0.5291847615267165,32.22
56,8,13.358435097404538,31.63149321693547,30.37
38,8,12.846853204646358,12.76992576479788,22.49
30,21,10.294016749813608,10.617412100310736,22.38
54,48,13.412168649525286,60.932254940181345,39.36
19,38,13.793091152696222,75.55373541231687,24.87
51,53,6.063253828471768,62.1117507371352,40.62
1,23,8.866086706998406,3.9057080852230284,11.62
35,19,5.971130975380192,63.146145997960105,27.81
57,7,5.613195860718987,40.056524814511455,32.45
46,18,5.680953395182763,6.463650346563876,28.45
1,29,13.921279622601327,67.54010538531271,15.73
10,47,11.171413103619596,88.2195045538978,24.48
33,6,10.4510774976668,86.105961867285,25.03
62,12,11.838761623432623,28.96317288836234,33.57
45,5,10.445067397205017,56.496984252348746,27.61
32,41,6.459884813289702,12.478721792029916,27.95
3,1,11.744385480528559,75.56207867758238,11.76
37,23,5.8573473365621656,57.429079989263954,29.05
21,6,11.846169823322693,74.73545080372257,19.53
41,24,5.845428395815568,74.27940824674228,31.78
40,14,7.685257295991686,49.60207851807875,27.59
47,53,12.313927967365826,21.54417339857658,35.54
5,6,9.66869466027503,56.539001933462735,12.75
51,3,13.44933572534039,44.49418528428822,28.23
63,46,5.5748246755922946,26.961498366566452,41.75
10,9,10.879839988611582,14.727427083604178,12.53
56,40,13.698127612574817,8.069504261862111,35.3
5,54,8.395026302293047,17.173281234836374,20.22
47,0,4.3202126801627205,54.96663262679802,28.38
65,27,5.431621334199365,6.479479145603303,37.51
7,32,11.107775317222481,80.15615165591369,19.87
8,28,4.087979187526118,86.04072208960707,21.07
22,46,5.64464759668877,26.616628917883467,26.14
56,51,9.63373406792145,31.329224266680804,39.63
25,30,4.850418324971321,29.132519859896554,24.37
58,27,13.712958226702758,81.7835915559165,37.88
19,25,13.618179321965227,55.78823229170948,21.12
7,46,10.764461348320676,54.82337906404771,21.21
38,36,9.711254136349433,85.75292008502392,33.04
61,42,10.473577703301025,26.938068105829014,39.31
43,33,12.851041170488797,2.505751075818503,28.78
24,14,10.786836813369117,40.26104876564691,20.39
10,9,10.60482150160309,33.48088897719197,13.7
53,23,9.29978470804083,50.83335026892356,34.12
50,16,5.142535897139057,16.24514890587127,30.25
25,35,11.498463624140008,19.913329166141352,23.63
32,41,4.94964721706063,47.76983589173479,30.34
32,45,8.892772378548251,49.86191251303214,30.55
28,34,9.727070472890428,10.171602265557661,24.3
65,37,9.668618387000905,76.63832058550689,42.96
9,51,8.395273784867298,77.71292422176714,24.77
70,32,11.146052035581205,68.12104668712658,43.08
14,40,13.906575527815464,64.94394366714403,22.71
13,29,12.302107280936928,35.27664735158514,18.64
21,12,9.630334055059292,69.74820016607896,20.83
17,23,11.761639179198811,5.179908472240601,17.25
30,3,7.723469081650537,1.365399756832416,18.69
27,29,6.999299922625545,63.668382035222294,26.62
54,5,10.21170319532003,78.49125480759095,32.39
14,46,12.707744803626948,15.120456688317766,21.14
43,51,11.636183331614076,61.24677033013277,36.12
32,7,6.392999483124498,46.18628253305288,23.18
67,22,11.217790222837628,3.9153397343237417,36.08
45,6,7.55740260696657,29.462588669895315,26.71
14,2,13.253569536673186,60.76960550114868,14.98
32,22,5.931479773963078,40.20911940869305,25.9
56,7,11.911778242957345,43.92429880751332,31.17
9,51,6.584218620156406,13.522033243493425,21.25
37,55,10.871631716904464,34.27388828440462,33.16
18,37,12.754033241440588,48.45902770574494,22.85
34,28,4.138006957229832,30.81312194096772,27.62
19,31,9.017748660144914,78.57529098427038,24.51
4,4,5.822851868005172,73.64682151393431,13.69
50,53,8.75756987687419,14.245518314560599,36.88
57,25,6.2920901233718105,86.2125670535572,38.7
66,4,7.609324643706705,47.54335119924166,35.36
39,8,9.892233224557275,3.929040052177115,22.88
21,52,7.609851205888813,42.098384498232804,27.54
59,24,13.37412376356738,28.29237923427617,34.51
42,37,8.834377567006605,20.395532785699498,30.99
31,29,12.762788771569557,54.7798209196652,26.57
18,46,10.709740619633422,24.540018697074085,23.58
34,4,9.000017284703219,23.586085678003993,21.52
67,37,13.569605524770523,89.2964282101008,43.78
4,35,13.026395884969292,8.572682578224263,14.69
25,49,8.262519823990896,51.45929818686915,28.9
12,23,11.919022908924784,71.37378827913386,19.3
30,55,11.967006112534083,12.702928940356088,29.01
9,19,13.629572537789654,30.73503059564448,14.61
46,32,12.532032641411538,22.068257119794794,30.95
70,45,8.05962447333542,5.440412188919294,42.48
43,42,7.231999865447164,88.95786911570191,36.78
61,32,7.67285459445419,21.907980016094438,37.51
30,22,5.508098627300566,18.48259002455267,23.92
58,25,8.455182879870696,51.185421940023424,36.59
38,10,9.867928643995917,12.943341114625726,23.44
39,16,11.2665491381212,49.61434073222701,26.97
43,4,13.212244316208153,52.50099057875602,25.91
10,37,5.787434093969854,52.24324600260016,21.29
59,22,13.705552292945892,62.125231612803596,36.08
8,53,8.845158109013532,80.9195129258258,24.9
35,16,9.464848803212643,68.2642526537989,26.89
34,15,11.043951304261798,19.648282112870305,23.11
51,28,6.003477282288596,54.261200543025005,35.16
64,41,4.995698958390276,21.756208509579615,40.93
7,8,10.010216850683173,7.137755875364143,10.89
43,46,5.36665403880552,16.935925218142103,33.59
68,41,12.754421175644321,57.590302072917396,43.2
3,13,7.215478384997706,78.09599949001667,15.13
3,41,8.863241643109756,54.88080450226908,19.04
43,11,4.57448058301992,37.28446872281719,27.95
5,5,10.263112396954885,30.10677277920004,10.86
63,38,7.995573763327104,84.62151275354644,43.18
1,1,13.252889850504076,50.7725373571241,10.0
40,3,8.151349709478586,63.912952953369434,26.17
42,10,4.934487061098318,14.057234964842976,25.92
18,33,11.671882721826943,8.088120387539465,19.82
46,27,7.441080044110186,61.213504619628274,33.21
19,42,13.813928127405728,51.747658921595985,24.24
29,47,10.18676135374836,73.2108680459004,30.98
61,48,4.316333083509779,58.25757397586664,43.5
70,45,8.531610053725542,25.043650362804083,43.57
66,33,13.409400170589114,11.867816841322107,37.98
1,35,8.757635824366712,58.98249762376956,17.34
46,9,13.895251589186941,20.535088375776795,26.01
11,1,10.246298859577111,11.000016819052142,11.2
69,32,6.049386393669828,69.9633965370338,43.73
33,38,7.6560936821696615,13.438382754155796,27.57
22,55,11.377468709326111,82.93109700172056,30.29
20,33,4.290429692777108,70.02947445114664,25.63
31,28,13.823311631369204,44.904366651044626,25.59
44,51,7.890278522677642,19.088327580279543,34.65
3,6,10.600281576319459,1.3892837307564965,10.0
51,43,12.640591379306036,5.398697484511929,34.03
48,26,13.070206353003506,33.80100887302726,31.12
28,1,6.519287692067414,23.60887195046082,19.08
55,15,6.313806664519332,18.288474078059842,31.86
54,41,6.786818168942654,79.14782322561771,40.25
63,13,13.813448009604459,71.17465528924109,36.32
61,55,13.338873838578504,69.22814409475666,43.93
17,52,7.000846675229515,7.958963288646475,24.08
0,31,12.72100680254173,22.475958798406964,13.26
40,43,10.102554693638687,86.11457177083422,35.15
27,37,4.521278894160541,70.39561978640882,29.07
46,2,11.79814867481144,77.70132563648272,28.42
23,27,12.63966920523336,89.53408214642027,25.24
38,43,4.244241044299338,10.04026549811299,30.88
1,8,13.116070963644127,13.572226056729749,10.0
45,6,11.513040689285251,41.803121801087705,26.74
50,5,8.142015601660294,57.79455671210041,30.0
50,21,13.796500049157158,2.962354069014308,28.89
30,12,11.921113642107372,62.05123589472492,23.38
4,8,9.04781004750578,20.846586836401887,10.74
55,44,5.048683503903771,1.7941598173132356,36.9
40,4,12.785721295352865,10.841725514418851,22.35
62,8,9.254157217478364,0.23134735307325904,31.51
28,43,9.40438600986718,56.98811960547426,28.97
69,32,13.933891304758424,47.69385875628547,40.97
63,4,7.494415877050957,19.36236319531431,32.55
28,46,4.723882635904316,63.32243946157224,30.79
1,16,6.690038164624632,86.96931841885554,15.59
25,32,4.478567958483279,71.05669200491742,27.36
46,17,4.1059013102734045,61.93299542163832,31.86
58,34,6.821364294648918,29.767747537239806,37.4
52,55,11.452697658371909,24.17317163896175,38.15
54,20,9.399967761274363,34.46780739399993,32.9
19,24,11.609579815373928,79.35116579307258,22.69
18,40,4.0525096982040605,54.70469389181307,25.39
32,44,10.109077239781392,33.927135759525754,29.18
30,52,5.984206711011148,10.454885347285755,29.35
4,45,4.495100275115622,62.4770429750289,21.46
41,43,10.46223526019055,49.40534234137211,33.26
40,29,13.716130687125533,0.08390585044259047,26.54
60,32,7.42358049692913,49.15619484728116,38.81
48,15,12.249908136540169,71.22331698907553,31.31
48,22,11.121729483017171,35.41714778418723,30.76
67,17,10.128137682348562,60.94825107125833,38.69
41,4,10.289006009498017,48.87608684436847,25.46
28,39,11.653887366125769,23.60500702103401,25.76
60,54,11.215613450689437,46.98389696370214,42.4
61,36,6.212240174368861,12.78806117122253,38.03
67,23,9.23931705987762,47.47268233613638,39.25
46,15,10.73682452532293,13.721142515314002,27.37
58,11,10.405258696329675,74.46994131074536,34.84
5,20,7.812620890271878,74.89088049326311,16.99
54,7,8.100260895032019,63.23595838720621,32.26
48,6,7.647742894042031,59.670389684209034,29.64
66,33,7.024006668687243,59.60141284704226,41.99
35,25,6.9050007460238,40.15812570267477,27.47
14,28,10.346354296679792,65.76111169044185,21.0
22,48,9.173377107819952,0.5327575744404978,24.34
16,23,8.887762555531692,59.42382455905254,20.65
47,33,7.4009459466902054,34.30198805598882,33.19
2,35,6.008528560460202,51.349497686103334,17.76
7,37,5.784294568489477,64.63624737426201,20.9
35,20,6.556212562459081,23.886359297280904,25.55
56,5,9.251767608235996,44.405215362460815,31.28
11,12,5.283004613455061,86.25309468290347,18.8
37,39,11.81055691626809,82.84679602050045,32.7
56,24,7.671744245421326,64.12827601863904,36.55
37,26,8.309670749916576,54.669559843647306,29.04
32,22,6.3862590182838765,76.4727888411513,28.0
16,39,5.91609926355548,87.42386554668883,26.06
47,4,10.656013965839822,29.650551881015947,26.52
9,5,11.56038385968791,34.14627787018846,12.39
67,26,8.965997333507717,81.11819921336627,41.91
3,6,9.927765709421745,41.62871602293318,11.05
59,44,12.395800772020245,37.34034463423282,39.23
60,11,12.903521006188932,39.585388047883704,33.05
62,8,9.11792605763674,74.22032498460993,35.97
29,47,6.002448096996366,48.749881115950025,30.26
37,35,7.301516754122705,34.874090845056195,29.84
58,7,4.900520475261545,76.31001999186213,35.14
1,6,8.96943094493823,76.33383712022045,12.55
27,36,8.542775977775804,74.1593990570934,28.37
25,45,7.3558882387572115,77.6697772363577,29.84
70,44,11.479286672020255,75.9254914712529,45.89
17,26,12.168494481600478,78.47394344498584,22.18
18,20,7.343359022606194,46.63972220123324,20.32
0,11,13.886806647396453,24.720065420873205,10.0
33,5,7.130405424812751,22.952151147692824,21.63
38,35,7.947825693412193,79.72176997229292,32.79
6,19,7.044897038379495,78.00976890489737,17.49
55,54,9.395977069220299,27.44706308976306,39.66
16,3,6.075062359634709,58.70276237757981,17.11
59,42,8.889870487889233,52.53982642826055,40.37
46,51,7.417551681419166,41.078751182139534,36.81
6,46,7.142665997781595,47.97710721260155,21.07
52,36,12.233867311742452,3.1782850967357756,32.95
28,50,8.391074500347248,18.04951834641436,28.21
26,51,13.73152559936733,54.96537574317683,28.91
51,46,8.44880852131994,79.02554749167872,39.8
7,11,8.33720773891537,57.53461861015638,14.81
6,8,12.626303887362464,6.473524743964161,10.0
63,11,4.141910159766558,64.91498388719069,37.29
21,31,6.2080558295437545,64.83891584535138,24.95
37,51,6.110265011671791,75.447265388861,35.69
18,49,13.178580844053188,18.621683690405447,23.39
12,29,4.9523520768901195,70.58273530183638,21.7
6,26,6.237693269467375,75.02058165656838,18.86
56,43,8.245768349978096,78.13570644780862,41.08
17,2,5.601441415855814,40.168120014869864,16.26
29,55,9.820561110765128,28.68566798884246,29.97
19,19,13.11903711095748,29.195312406016612,18.41
27,9,13.455566018773018,59.88443678773048,21.23
29,25,13.7417389626013,29.485406608862547,23.32
19,41,6.910603450489412,58.93460057016288,25.71
11,12,8.644528787502775,65.54155503627256,16.96
55,21,10.789068311555216,10.2935497723007,31.78
45,7,10.574942314871935,18.942737055209058,25.73
67,33,4.729343540277977,44.09242921557553,41.85
2,48,11.814582027237893,80.04536810282299,21.04
11,12,8.847430533170613,77.75929746974812,17.65
69,48,4.884339675405989,12.573716061867854,43.7
34,49,12.930646610638188,76.08667434290432,32.96
29,37,13.246068321158297,2.9163521692898184,24.21
12,0,7.442985504446536,84.99609040989974,16.32
38,3,5.719801301742734,31.520686972633968,23.9
61,15,7.295554275985967,32.764586702713075,34.83
14,50,12.3202646149868,72.81088252550514,25.47
58,6,11.469593551126751,10.165778554372647,29.79
20,38,7.9326324657646445,3.2308810430425297,21.97
5,32,9.792384825440257,37.17083616713425,16.77
16,26,9.77990441301392,31.758386767365003,19.43
47,46,10.631446758973695,14.749593007187126,34.03
21,42,13.415455541762396,29.8467783663098,23.76
61,19,5.490371395742965,8.461186659248092,34.5
30,7,5.530756093273224,24.342220636001144,21.26
69,7,7.242714365408849,22.137309795337973,35.64
68,2,9.067830924408664,33.02092861716117,34.59
25,18,8.037184831149274,18.311246476497246,20.75
16,15,11.265808498228136,48.13151087732366,17.94
30,6,4.151113875639043,84.89812467120429,24.95
62,50,11.91048673550849,51.337043486418374,42.5
29,5,11.500420374518445,13.829134298090986,18.78
33,1,8.240028142427464,56.18172538750217,22.63
14,18,9.698118499704071,10.867696759025325,15.83
27,14,6.435596629626603,69.74551372648146,24.09
65,45,12.191444878439494,73.92294125346484,43.94
9,38,7.372952415269003,8.826780421361581,18.22
27,39,11.728557712721745,15.723002503202252,24.89
38,21,4.840028957318583,68.32395077914806,29.87
23,0,7.174782614432891,83.82500057725073,20.48
52,2,4.8804834476570145,22.03541936968143,28.6
65,43,5.671353515329546,71.78932183227492,44.59
17,13,5.98200642503042,19.767874864811176,17.17
42,45,13.759776671743989,89.75644201231196,35.87
61,2,8.973283374723255,70.13341918364283,34.17
8,48,10.03500587019244,5.637743979048007,19.17
6,54,7.656119092301803,37.02181896801875,21.92
44,37,5.622273087750667,86.91747363157856,36.32
63,8,6.593058558436409,62.43104401485583,36.1
38,3,11.449626808326933,74.9210955274448,25.47
21,27,7.858247311798766,57.578600575020396,23.42
65,19,11.48024590022395,53.423532753068294,37.64
14,4,13.684599770840647,70.87314123068235,15.91
32,48,12.383722219428035,20.887816187810472,28.78
25,37,8.57904804956956,21.29777415827176,24.63
63,36,13.081189031396313,61.67936362369527,40.49
6,25,10.636133177864675,35.53331279328615,15.5
43,52,7.79019099520452,85.33049276351082,38.46
29,41,10.719341861922828,71.26195259811901,29.57
54,50,7.0476332459222775,27.04231794189489,38.87
2,7,12.782030628054615,42.78454123198351,10.43
52,38,6.9945811970147505,13.124719487037925,34.89
69,13,4.830993157156867,35.44837330287964,38.08
59,39,4.325689412067214,30.224089457972802,39.25
34,11,11.011766872521896,39.782817413434415,23.52
68,51,6.417305046372907,19.46900704104901,44.05
5,24,12.22936146680403,16.569543593155473,13.49
34,21,13.577070262350452,32.61362928947396,24.63
28,22,12.898561359632899,54.92174520624036,24.01
50,19,8.996792027241987,86.0205358181801,34.34
64,50,13.885507718219422,17.050286956928666,40.84
20,25,9.271933079440782,0.03173378716611275,18.93
22,6,13.450049344142784,40.9113670205577,17.59
32,47,7.523039272147562,9.081646566143863,28.75
70,47,12.62252561398902,46.248022913558934,44.5
48,8,13.286118205884687,80.44207373858029,30.28
53,4,9.142754511834509,29.801853000884776,29.08
34,18,7.61821467469138,59.50477461394377,26.72
48,33,12.086760839562935,5.371779290190003,30.99
63,31,7.637225530414461,87.85786518170983,42.04
7,53,12.880674517417962,10.714876876526896,19.58
48,28,7.111474122932096,46.12364903241275,33.33
19,46,10.070753838853324,41.2989116695497,25.09
41,30,5.369926184942591,85.76779800869795,33.76
34,9,5.8765959581396014,82.62007997862216,26.62
65,2,13.977055444733736,15.622441077706505,31.52
35,40,11.624521944056339,26.205416616491107,28.78
69,1,8.207026626781317,88.03358701378612,38.22
10,51,13.50020079884657,57.54928241851736,23.02
63,45,7.602408669207326,81.25596057603697,44.45
41,10,12.33497662657224,44.61855824536652,26.04
6,50,9.323909844997914,80.43496178529891,23.43
25,33,12.074401086374655,5.548178289781953,22.26
39,47,9.205131036838695,61.32670773623488,34.24
6,37,6.976322544476298,34.46733251167135,18.49
46,44,5.87145950439196,27.846315728215764,34.89
60,12,10.207157546348796,83.52426260297504,36.37
51,6,10.81555749924556,32.56122913552368,28.59
40,24,11.93271109190568,42.530061185481976,28.4
14,13,13.258010306118125,56.046030376266465,16.9
64,53,8.082559245609643,14.38626125513146,42.33
40,2,5.520702636160252,68.13695191004226,26.69
60,42,9.58744906247402,60.35444391559881,41.1
9,17,7.916419249977276,64.5571090472794,17.27
50,33,12.109806350497568,76.62715603945796,36.02
15,16,8.49657505537293,1.057095480857131,15.43
68,52,10.980915856843767,27.502780048764418,43.91
46,16,13.804868567241424,79.73008324420505,30.98
70,6,11.537356063929224,61.02602172306437,37.38
52,53,12.077617713197219,10.014673722558538,36.79
39,10,10.44772329750795,87.05651681917011,28.16
15,49,8.0383359338714,75.74533980065472,26.6
43,25,7.925699628875502,72.51592621441927,32.26
44,55,5.857356780183439,78.44641024550599,39.37
68,47,9.211937458339321,60.24693730065763,45.2
36,8,6.130530278289992,61.37150716733554,25.86
52,4,9.021352172129438,76.67410672936899,31.54
30,36,8.325535178458736,19.254328993223883,26.26
35,50,12.44794472154533,70.96259897029665,33.32
16,9,6.221812655892235,76.47074712716304,19.35
30,32,5.249417580540246,25.434464669923496,26.38
4,47,13.69881518341446,83.72285618182927,21.48
48,18,5.312788028080364,63.36989491281105,32.69
49,39,12.962639814248485,64.08188608332026,35.93
65,17,10.076795102140444,81.34996458998334,39.17
39,6,7.597417151630614,51.20923137466772,25.73
10,23,4.233162023085061,46.554261717917306,18.43
15,53,13.539105767394755,19.655310141359593,23.04
58,40,11.639857838955646,40.21851066317759,38.36
64,3,13.77271820945303,53.12209539072252,33.63
4,2,9.378628881826366,42.08251036665674,10.76
61,14,6.941495301533431,84.26447712338793,37.79
42,33,9.684518682233263,19.607436434135813,29.99
26,18,12.39405126675245,72.78554135544738,23.62
68,45,4.304905788822987,70.02805050889741,46.27
3,51,9.046692808572804,38.152079237228,20.0
8,40,6.737335095147139,8.056770880839162,18.31
14,25,7.903064840442428,85.9074516817027,22.05
52,14,10.667112996254406,79.36070680329489,33.4
7,51,7.71348768184636,47.83846266305646,22.34
32,4,10.417745089372753,51.804301679409235,22.19
55,29,13.691828912695367,79.2349478882332,36.99
58,12,7.416797862625484,17.092240900318117,32.13
51,10,6.825813201036763,17.478713667992604,29.2
66,1,8.386138973938714,17.79335335732547,32.84
25,49,6.6560700834671795,50.424064159386525,29.13
37,47,11.861448746048296,2.0622545688977514,29.45
2,4,7.539067671123233,37.61233405151381,10.46
68,16,9.577535506738812,56.48183349317501,38.7
40,22,7.0574754703983835,3.98174044894371,26.57
22,44,7.55260613717279,80.90859355512727,28.66
58,49,5.021514411489496,9.602994153137168,39.51
19,23,11.774705580194473,42.41360249923042,20.25
10,21,11.947498285660533,42.861811971345794,16.42
16,54,5.088657791040934,50.70743920364548,27.01
65,24,6.092891138331302,22.67464510403365,37.76
2,12,11.10214892613225,85.07813091089726,14.27
66,27,11.744149694771302,65.31580906043682,40.29
20,51,12.963728237254395,39.30112065408132,25.82
17,0,5.111290694328303,65.50946133346261,17.47
68,24,4.276032239878509,73.18822625821883,42.26
11,29,11.803687978033018,18.35630550989419,16.96
68,4,12.585178280127504,30.460503073128134,34.2
59,31,11.689323249419576,81.36504395689681,39.4
0,15,6.04443826569583,31.913174572847602,11.83
13,6,9.912217041671362,11.361706592395283,13.04
25,28,8.564072308842622,52.69833477469279,24.72
56,48,4.6755787558973,65.2029774690186,41.95
6,55,8.706586760951119,36.0194456478302,21.87
30,45,10.495376338777351,62.28289417368322,30.25
60,38,5.417760038255995,81.81239973617613,42.33
48,4,10.99735240925856,71.99809401345185,29.38
29,0,7.923043352818495,70.9247931619761,21.85
28,40,11.384888287008248,58.3000351745349,28.09
31,6,13.079934505831474,18.01195340040932,19.71
0,2,8.66534093385047,36.178447392885175,10.0
28,49,10.718799326138729,83.73192064506358,31.53
52,16,4.413232904181806,42.11237066715949,32.69
61,48,13.564751841412182,68.35610410260973,42.44
12,11,5.432530940105334,47.61908735821814,16.64
65,20,5.057956480220663,70.82574737155392,40.04
48,0,4.721380252496477,2.674088329304183,25.55
10,32,9.616238014388406,55.1525987201216,19.78
68,4,11.05930680440646,59.530120708736504,36.22
37,29,7.969588329695432,0.6868980109013878,26.47
26,1,5.87368414026969,45.6307709443539,19.76
58,13,5.22153622717633,58.50524340718361,35.21
26,42,8.290478526302124,9.936069362917735,25.38
11,34,9.196696620622866,60.98863324867775,20.98
11,46,6.389308948049683,79.32227064929253,24.99
12,5,7.675874194055689,27.24507538846796,13.81
37,9,8.94135913300717,51.86144805007618,25.36
42,49,5.920278817932597,7.096884375435018,33.12
5,7,10.828768453930506,69.0628478220761,13.49
27,33,7.853748176665851,88.5357226927979,28.76
26,48,11.32687970638354,71.68970910596005,29.74
2,53,4.5890437749527955,65.62934430506776,22.47
17,54,13.111752467660128,72.10147901648621,27.23
7,11,10.187202181126649,26.402963100049664,12.61
32,45,5.341397334087367,70.89182784444247,32.45
44,1,7.24414650963933,8.524546508432596,24.13
56,10,13.808744262656875,58.8616365122085,32.33
60,48,10.230484756590702,67.79828443738722,42.63
41,17,12.036235962044254,1.184423544387705,24.88
68,1,7.407128023414324,48.95750813011434,35.64
45,52,7.28708030296347,69.33756179653358,38.35
30,21,11.945990940875685,47.881487865131106,24.32
13,2,12.254414860263333,28.230364831165048,12.83
43,23,4.642564262247113,10.967184505671046,28.76
58,10,6.115082482316972,4.806296367158235,31.23
68,15,13.379445457256848,36.675323723447164,36.63
66,44,11.763698992687017,56.83428844859902,43.17
27,13,6.873891350259738,81.58812507770804,24.52
1,45,6.60189700360508,64.4226956415902,20.06
22,39,8.37992048369866,61.81910354628412,26.36
36,48,7.909166995323429,30.756261297625436,31.7
3,5,10.911473413276813,18.829422203469036,10.0
33,39,13.643125582930443,57.896421526706334,29.36
18,41,4.694081678826991,6.113875974286197,22.56
50,19,4.779418205018434,65.66384156064723,33.88
68,0,4.7344897360727884,6.703510975844335,33.39
14,46,8.936930138498546,87.2588638657682,26.15
35,49,8.500299183867241,80.990661822319,34.43
32,19,7.947815404008561,62.70941825253357,26.29
22,28,13.893044138574064,79.02586526077972,24.2
58,21,7.226919161698687,18.54464898081685,34.05
49,53,11.844982611109007,9.591779164605859,35.66
26,51,7.507530068659783,30.199008248660093,28.54
1,54,5.899481719184547,81.43985538224658,23.0
20,50,10.592475597683613,52.82837791798581,26.86
33,11,4.456560786341084,43.32522674455648,24.54
7,24,6.539399389343547,8.005064586293788,14.76
28,3,4.6479908746395235,1.3336327236101353,18.48
16,22,7.636333014233509,65.0377275487002,21.01
17,23,11.879791687218807,22.64813932287256,18.28
46,10,9.230495755611631,10.032514397180556,26.42
31,50,5.658244675791227,68.47176256976695,32.87
3,14,10.486127167487838,79.79599728965592,14.84
49,54,7.653494733637206,57.72827461628936,39.51
60,16,12.696603328551301,4.551341302428727,31.99
48,53,7.693474697680259,25.36570968214709,36.98
60,28,8.874278017568892,9.889234538344972,35.4
62,5,8.046933287215898,43.646610626256845,33.73
22,14,8.258284378071572,5.46428815013127,18.0
24,4,6.660900530304118,39.9526133554061,19.12
30,21,9.547878820992254,6.436520113336577,22.27
28,30,11.442218975414821,50.658442191800475,25.62
48,7,4.5990128177176155,38.86689273443541,29.14
7,15,9.215436679918232,45.943538008777175,14.76
40,13,5.0149972947746475,42.96147707013258,27.47
59,29,11.850604260811664,11.855975439393184,34.8
57,40,7.178192831421745,18.479975054089746,37.48
46,4,5.197074704131015,88.57642458936397,30.66
61,16,5.799727790768192,0.9791817253777046,33.39
65,1,10.435634379856559,61.822339345821405,34.73
4,34,10.484286579049176,69.53072961352456,18.6
17,41,7.644882153349814,34.86214900260543,23.38
41,47,4.417522479393834,77.17861870747392,36.82
23,44,6.268897221658643,53.816149095174396,27.64
10,28,6.169679392135939,3.231765670071729,16.48
56,8,12.392654224599212,27.399933020797853,30.29
40,37,5.993568982142334,5.96086178853572,29.88
